epoch,train_loss,test_loss,mae,rmse,r2
1,75.72972268513246,65.40719005878155,6.214272812830798,8.087471172472355,0.7770393800189127
2,54.618255356792844,62.375891834709925,6.1143825148104725,7.89784096192581,0.7873724963834854
3,41.73863298427413,54.9788042079217,5.712658031751694,7.414769328609907,0.8125877556286778
4,33.46057278371455,48.05871146883795,5.353141521647097,6.932439070264571,0.836177030248396
5,29.45503670956523,67.39511381797003,6.242813887157762,8.209452707083358,0.7702629274660878
